{"max_down_step": 0.17118684648179183, "max_up_step": 0.8861144958577101, "rigid_bias": 0.7980942722419383, "soft_bias": 0.17708020397359897, "empty_bias": 0.5846325140740145, "max_rigid_width": 8.679929779071307, "max_soft_width": 2.0329254978161364, "max_empty_width": 1.8184201136970584}