{"max_down_step": 1.5240788662453504, "max_up_step": 1.1685479561336096, "rigid_bias": 1, "soft_bias": 0.4834686229945138, "empty_bias": 0.10315946061303902, "max_rigid_width": 10, "max_soft_width": 3.321283937843215, "max_empty_width": 1}