{"max_down_step": 0.40965292357955857, "max_up_step": 0.40720658920993624, "rigid_bias": 0.8908209253891546, "soft_bias": 0, "empty_bias": 0.4307586356458054, "max_rigid_width": 8.878909111188658, "max_soft_width": 2.66813596939771, "max_empty_width": 1.2735491251899003}