{"max_down_step": 1.7124148510344073, "max_up_step": 1.1457323454195782, "rigid_bias": 1, "soft_bias": 1, "empty_bias": 0.5117143163844738, "max_rigid_width": 10, "max_soft_width": 2.2746673578507153, "max_empty_width": 5.928539415473185}