{"max_down_step": 2.4636316885063514, "max_up_step": 1.3276686031526819, "rigid_bias": 1, "soft_bias": 0.9067349625485621, "empty_bias": 0.4828623030860873, "max_rigid_width": 9.159939401813707, "max_soft_width": 4.767454093935472, "max_empty_width": 3.735802829525802}