{"max_down_step": 0.18649636254128388, "max_up_step": 0.29849866001365233, "rigid_bias": 1, "soft_bias": 0.09633181883090719, "empty_bias": 0.5773745932188299, "max_rigid_width": 7.805732785190804, "max_soft_width": 5.563096827169317, "max_empty_width": 2.056829281927299}