{"max_down_step": 0.7459214770882752, "max_up_step": 0, "rigid_bias": 0.99405219535384, "soft_bias": 0.3707669051067977, "empty_bias": 0.8422154885935358, "max_rigid_width": 7.603548767269514, "max_soft_width": 4.134299737284858, "max_empty_width": 4.129574441195283}