{"max_down_step": 1.929681417294846, "max_up_step": 2.4671416337632706, "rigid_bias": 0.8248449668578898, "soft_bias": 0.867441768745991, "empty_bias": 0.17769032201574514, "max_rigid_width": 10, "max_soft_width": 1.4989217440498084, "max_empty_width": 1.0357702266485445}