{"max_down_step": 1.0588362694980218, "max_up_step": 0.4384475111592111, "rigid_bias": 0.8541708167484121, "soft_bias": 0.437618561876671, "empty_bias": 0.9894419002779755, "max_rigid_width": 9.93238924524222, "max_soft_width": 4.510873206333055, "max_empty_width": 2.9493607710743297}