{"max_down_step": 1.8294618309910127, "max_up_step": 1.5449293531024555, "rigid_bias": 1, "soft_bias": 1, "empty_bias": 0.6730565285115866, "max_rigid_width": 9.812407708150136, "max_soft_width": 2.0026617430547806, "max_empty_width": 5.192473813380526}