{"max_down_step": 1.5731176125140154, "max_up_step": 1.6943342576463973, "rigid_bias": 1, "soft_bias": 0.44714599483656176, "empty_bias": 0.2730822388691308, "max_rigid_width": 7.0620784731723685, "max_soft_width": 3.7774716930470498, "max_empty_width": 1}