{"max_down_step": 0.05525153347661882, "max_up_step": 0.0038395659013166633, "rigid_bias": 1, "soft_bias": 0, "empty_bias": 0.3364918772557242, "max_rigid_width": 8.667679163110767, "max_soft_width": 1.3798109579923137, "max_empty_width": 2.2070711148534774}