{"max_down_step": 0.7630884483688244, "max_up_step": 0.6501504329214607, "rigid_bias": 1, "soft_bias": 0.3274805686655123, "empty_bias": 0.23036025545975203, "max_rigid_width": 7.853831149011084, "max_soft_width": 2.8288994114084076, "max_empty_width": 1}