{"max_down_step": 0.7040600883073416, "max_up_step": 0.21013242034443516, "rigid_bias": 0.976350936653852, "soft_bias": 0, "empty_bias": 0.251370584970258, "max_rigid_width": 10, "max_soft_width": 1.814327732242712, "max_empty_width": 1.4898562405855276}