{"max_down_step": 0.2977273751193026, "max_up_step": 0.4323219810786355, "rigid_bias": 0.962541426944013, "soft_bias": 0.07680326221557998, "empty_bias": 0, "max_rigid_width": 10, "max_soft_width": 1.9351782705535254, "max_empty_width": 1}