{"max_down_step": 0.4420961240362897, "max_up_step": 1.4578161986765608, "rigid_bias": 0.9572444916149224, "soft_bias": 0.4001096902029603, "empty_bias": 0.7162114520159736, "max_rigid_width": 7.027137691372506, "max_soft_width": 2.4441178226094724, "max_empty_width": 2.438475286048043}