{"max_down_step": 1.0444198753377023, "max_up_step": 0.7484968737492169, "rigid_bias": 1, "soft_bias": 0.8587727984332802, "empty_bias": 1, "max_rigid_width": 8.695539857912822, "max_soft_width": 5.395837149195809, "max_empty_width": 6.058038071909725}