{"max_down_step": 1.512981653347588, "max_up_step": 1.5072962549175148, "rigid_bias": 1, "soft_bias": 0.5233255852492292, "empty_bias": 0.37191350893236413, "max_rigid_width": 8.859208606084188, "max_soft_width": 2.9360305850724044, "max_empty_width": 2.8190892936456824}