{"max_down_step": 1.8933807106616485, "max_up_step": 2.321320002173425, "rigid_bias": 0.8401834001263864, "soft_bias": 0.9880984894497957, "empty_bias": 0.4072662788984863, "max_rigid_width": 9.381155635471796, "max_soft_width": 1.5099675125891432, "max_empty_width": 1}