{"max_down_step": 1.7730484249217093, "max_up_step": 1.0216807398649457, "rigid_bias": 1, "soft_bias": 0.3429402419093367, "empty_bias": 1, "max_rigid_width": 8.292144994761655, "max_soft_width": 1.8003645935313641, "max_empty_width": 5.366525973574629}