{"max_down_step": 1.0032511132595843, "max_up_step": 1.1237584426940692, "rigid_bias": 0.9568151401954746, "soft_bias": 0.3214120518507286, "empty_bias": 0.0930442410825348, "max_rigid_width": 8.170374823958374, "max_soft_width": 3.788887500319588, "max_empty_width": 1}