{"max_down_step": 0.5248174677393994, "max_up_step": 1.2464725227552504, "rigid_bias": 0.7272389007209704, "soft_bias": 0.18594349440304603, "empty_bias": 0.5784931534352225, "max_rigid_width": 8.331671252398827, "max_soft_width": 3.1176856991768287, "max_empty_width": 2.314009831529934}