{"max_down_step": 1.1366032012910046, "max_up_step": 0.5146428057247986, "rigid_bias": 0.8822316164235571, "soft_bias": 0.22123461484826987, "empty_bias": 0.7309784999253907, "max_rigid_width": 8.276996927241328, "max_soft_width": 5.040196141428483, "max_empty_width": 3.280197787579806}