{"max_down_step": 0.28810812680788445, "max_up_step": 0.8457132607591802, "rigid_bias": 0.8097893116615624, "soft_bias": 0.18506265777345854, "empty_bias": 0.5465811495694991, "max_rigid_width": 9.328959676546345, "max_soft_width": 2.107378439944788, "max_empty_width": 1}