{"max_down_step": 2.6348009172103106, "max_up_step": 1.210095055127798, "rigid_bias": 1, "soft_bias": 0.6846841046278173, "empty_bias": 0.32437111412858644, "max_rigid_width": 7.306966322355583, "max_soft_width": 4.439488139007829, "max_empty_width": 3.8849732596137803}