{"max_down_step": 1.3806564757449389, "max_up_step": 1.1375090576236095, "rigid_bias": 0.8164705157351017, "soft_bias": 0.3651338945392986, "empty_bias": 0.3660288151040153, "max_rigid_width": 6.394897799729763, "max_soft_width": 2.071763952658664, "max_empty_width": 1}