{"max_down_step": 2.295024844163454, "max_up_step": 1.5397556647747799, "rigid_bias": 0.8417710181282174, "soft_bias": 0.5726753490428039, "empty_bias": 0.11993540013523797, "max_rigid_width": 8.355069505752418, "max_soft_width": 3.652352728332507, "max_empty_width": 2.010898261069087}