{"max_down_step": 2.3069257555196065, "max_up_step": 1.5368887427464877, "rigid_bias": 0.9889452809891239, "soft_bias": 1, "empty_bias": 0.41456125005287914, "max_rigid_width": 7.119311980555445, "max_soft_width": 3.817760793482641, "max_empty_width": 3.19070996068807}