{"max_down_step": 2.638962457890553, "max_up_step": 1.8741379074523112, "rigid_bias": 0.7995474465758466, "soft_bias": 0.721302797450048, "empty_bias": 0.10891211629864901, "max_rigid_width": 7.2079318537946575, "max_soft_width": 2.626035269034308, "max_empty_width": 2.600975190181146}