{"max_down_step": 0.7539386951915611, "max_up_step": 0.8711036411728412, "rigid_bias": 0.9419759550988955, "soft_bias": 0.29812114385875443, "empty_bias": 0.6111397921870217, "max_rigid_width": 9.757908260190877, "max_soft_width": 6.0731268597298165, "max_empty_width": 5.219093222884444}