{"max_down_step": 1.670966341941733, "max_up_step": 1.7846189274527249, "rigid_bias": 1, "soft_bias": 0.6776479068055223, "empty_bias": 0.48575435075134876, "max_rigid_width": 9.170480882924014, "max_soft_width": 2.3355419948940432, "max_empty_width": 2.6327268621147906}