{"max_down_step": 1.8353186478815249, "max_up_step": 1.502061773159362, "rigid_bias": 1, "soft_bias": 0.5162822771641356, "empty_bias": 0.6313740935140314, "max_rigid_width": 6.966500161007724, "max_soft_width": 1.7678166059155536, "max_empty_width": 2.3671109596586266}