{"max_down_step": 1.0424359406045614, "max_up_step": 0.9863826860400426, "rigid_bias": 1, "soft_bias": 0, "empty_bias": 0.31347086633147314, "max_rigid_width": 5.083552403941322, "max_soft_width": 1.167389009976362, "max_empty_width": 2.6240284796784117}