{"max_down_step": 0.9855473913569796, "max_up_step": 0.894767169706548, "rigid_bias": 0.994909742347015, "soft_bias": 0.31940381670505663, "empty_bias": 0.1900577722541611, "max_rigid_width": 6.877831532318868, "max_soft_width": 4.339613647340133, "max_empty_width": 1}