{"max_down_step": 1.2984214380397774, "max_up_step": 1.000092870885401, "rigid_bias": 0.980472786049716, "soft_bias": 0.5785569038799657, "empty_bias": 0.10079979551986501, "max_rigid_width": 9.146288839936684, "max_soft_width": 2.4208492278458538, "max_empty_width": 4.30971844140096}