{"max_down_step": 1.0888633453656076, "max_up_step": 0.7410986780233269, "rigid_bias": 1, "soft_bias": 0.3752562418473497, "empty_bias": 0.5192626968513555, "max_rigid_width": 10, "max_soft_width": 1.5928188631318725, "max_empty_width": 1.1603923249668424}