{"max_down_step": 0.40198778686312925, "max_up_step": 0.519210541582519, "rigid_bias": 0.8790621400397831, "soft_bias": 0.3988186991127657, "empty_bias": 0.3264496742074667, "max_rigid_width": 10, "max_soft_width": 7.433976345035286, "max_empty_width": 5.128440102400841}