{"max_down_step": 0.8315968579540944, "max_up_step": 0.4192509359297253, "rigid_bias": 1, "soft_bias": 0.5750515056884533, "empty_bias": 0.8497859860216992, "max_rigid_width": 8.551867166770958, "max_soft_width": 4.652199757349629, "max_empty_width": 4.490518213613585}