{"max_down_step": 3.178075363986947, "max_up_step": 2.0214970088240727, "rigid_bias": 0.968303380144978, "soft_bias": 0.7842416492730304, "empty_bias": 0.23850337184561693, "max_rigid_width": 8.592103061310436, "max_soft_width": 4.210821375101171, "max_empty_width": 1.5051444451513287}