{"max_down_step": 0.5207360439190657, "max_up_step": 0.4345966579369156, "rigid_bias": 0.8364231508069288, "soft_bias": 0.33435776143654333, "empty_bias": 0.2694383544762392, "max_rigid_width": 9.603320414473625, "max_soft_width": 6.682489438867947, "max_empty_width": 5.486123481548843}