{"max_down_step": 2.2511447185747118, "max_up_step": 1.1240603228150077, "rigid_bias": 1, "soft_bias": 0.6893105843410214, "empty_bias": 0.2525095033486217, "max_rigid_width": 7.56161937411713, "max_soft_width": 2.703143916270034, "max_empty_width": 1.8406468705839418}