{"max_down_step": 1.2378887257563806, "max_up_step": 1.0633848427466084, "rigid_bias": 0.8816039466913096, "soft_bias": 0.8247475167853282, "empty_bias": 1, "max_rigid_width": 9.31400621474048, "max_soft_width": 5.073302588740926, "max_empty_width": 6.594359059220253}