{"max_down_step": 1.21264037961855, "max_up_step": 1.007276311885005, "rigid_bias": 1, "soft_bias": 0.4725866992792875, "empty_bias": 0, "max_rigid_width": 8.522652497668913, "max_soft_width": 3.903056473785291, "max_empty_width": 6.067463023517013}