{"max_down_step": 1.3191642599251172, "max_up_step": 0.8954668645800975, "rigid_bias": 0.8784988900828279, "soft_bias": 0.7043880777753783, "empty_bias": 0.06938229075518405, "max_rigid_width": 9.55770530193514, "max_soft_width": 2.6178779896472455, "max_empty_width": 3.62067121500759}