{"max_down_step": 0.46204890855889014, "max_up_step": 0.7993297857463942, "rigid_bias": 0.8750065453748624, "soft_bias": 0.2764331437066816, "empty_bias": 0.7096011432964128, "max_rigid_width": 8.838058074270645, "max_soft_width": 5.045196755889569, "max_empty_width": 4.076539017701507}