{"max_down_step": 1.0138635753813152, "max_up_step": 1.1152956774449538, "rigid_bias": 1, "soft_bias": 0.5340827236997544, "empty_bias": 0.3642973256513287, "max_rigid_width": 10, "max_soft_width": 1, "max_empty_width": 1}