{"max_down_step": 2.878178591122052, "max_up_step": 1.8768422608573727, "rigid_bias": 0.6906893358394962, "soft_bias": 0.7747783915168794, "empty_bias": 0.15789024728916534, "max_rigid_width": 7.552884581195389, "max_soft_width": 2.7537425502126984, "max_empty_width": 1}