{"max_down_step": 1.7474160331881756, "max_up_step": 1.4543493427216097, "rigid_bias": 0.9093539440874802, "soft_bias": 0.5258546618028905, "empty_bias": 0.26656012553737196, "max_rigid_width": 7.113907371197042, "max_soft_width": 5.057703785750656, "max_empty_width": 1.4207555428893166}