{"max_down_step": 1.971484619107179, "max_up_step": 1.480346274561928, "rigid_bias": 0.830331165060249, "soft_bias": 1, "empty_bias": 0.1858425966440193, "max_rigid_width": 8.287950244325831, "max_soft_width": 2.6857544848532524, "max_empty_width": 3.9953512585713327}