{"max_down_step": 1.81511624519136, "max_up_step": 1.0430210213386013, "rigid_bias": 1, "soft_bias": 1, "empty_bias": 0.48898365849686865, "max_rigid_width": 9.503089683947406, "max_soft_width": 2.065857560695853, "max_empty_width": 5.6478944169341005}