{"max_down_step": 1.8457388772182723, "max_up_step": 0.9114621621511274, "rigid_bias": 0.9173919030286214, "soft_bias": 1, "empty_bias": 1, "max_rigid_width": 9.34392295958009, "max_soft_width": 5.126015134710766, "max_empty_width": 3.5085853622814844}