{"max_down_step": 1.8439030508894627, "max_up_step": 1.2479592665575332, "rigid_bias": 0.9579756709470382, "soft_bias": 0.9674746842846923, "empty_bias": 0.2351913026383686, "max_rigid_width": 9.078931643864113, "max_soft_width": 3.481713439699277, "max_empty_width": 5.907546032797171}