{"max_down_step": 2.0174622779079803, "max_up_step": 1.2216141545510641, "rigid_bias": 1, "soft_bias": 1, "empty_bias": 0.0917093609406087, "max_rigid_width": 10, "max_soft_width": 1.381501717059745, "max_empty_width": 4.716224780271629}