{"max_down_step": 1.7072260620604802, "max_up_step": 1.1493351227387798, "rigid_bias": 1, "soft_bias": 0.3908906605483912, "empty_bias": 0.20437296382438214, "max_rigid_width": 6.061151829035915, "max_soft_width": 6.00707512951417, "max_empty_width": 1.2761503549741906}