{"max_down_step": 0.11729749775363818, "max_up_step": 0.03713601447028324, "rigid_bias": 1, "soft_bias": 0.016843913363135378, "empty_bias": 0.26062600029398797, "max_rigid_width": 9.56134203966244, "max_soft_width": 4.042926884308791, "max_empty_width": 1.2727550875351215}