{"max_down_step": 2.0165678424762317, "max_up_step": 2.2975647387948057, "rigid_bias": 0.8413038171645105, "soft_bias": 0.9669225477842655, "empty_bias": 0.17044547075273103, "max_rigid_width": 9.370221897737402, "max_soft_width": 3.4312483962273754, "max_empty_width": 2.0884280659676975}