{"max_down_step": 0.10163318044789622, "max_up_step": 0, "rigid_bias": 1, "soft_bias": 0.03573146491673539, "empty_bias": 0.46879299250074064, "max_rigid_width": 8.53879961131431, "max_soft_width": 4.651728295830383, "max_empty_width": 2.000992062781189}