{"max_down_step": 0.8450055616404979, "max_up_step": 0.9018347892030789, "rigid_bias": 1, "soft_bias": 0.18546487434314268, "empty_bias": 0.3993445988371198, "max_rigid_width": 9.430558105747512, "max_soft_width": 1.4577127677942592, "max_empty_width": 1.6696634909644663}