{"max_down_step": 2.9155634694473167, "max_up_step": 2.3370547437373235, "rigid_bias": 1, "soft_bias": 0.7007273743187652, "empty_bias": 0.27230831533749916, "max_rigid_width": 8.86025173712121, "max_soft_width": 4.24099667817953, "max_empty_width": 2.4730356161319724}