{"max_down_step": 0.6275793593055318, "max_up_step": 0.4934948468365585, "rigid_bias": 0.9725325415888032, "soft_bias": 0.5430486973245843, "empty_bias": 0.8610883336250311, "max_rigid_width": 7.397128253267978, "max_soft_width": 5.56722474491226, "max_empty_width": 5.214992234450712}