{"max_down_step": 0.5374366880860965, "max_up_step": 0.9287180897816363, "rigid_bias": 1, "soft_bias": 0.27382340099724883, "empty_bias": 0.4234837177935061, "max_rigid_width": 9.2992091340787, "max_soft_width": 1.9153719853122952, "max_empty_width": 1.6257623537617625}