{"max_down_step": 0.9424873850949835, "max_up_step": 1.301735763687365, "rigid_bias": 1, "soft_bias": 0.3709841750667238, "empty_bias": 0.23069962631689178, "max_rigid_width": 10, "max_soft_width": 1.84276741399602, "max_empty_width": 1.2307971496928867}