{"max_down_step": 0.4904623607893549, "max_up_step": 0.026803251191044694, "rigid_bias": 1, "soft_bias": 0.010654646244675561, "empty_bias": 0.39706081178967556, "max_rigid_width": 7.981593919924598, "max_soft_width": 1.3584653099741308, "max_empty_width": 1}