{"max_down_step": 0.5409097395519702, "max_up_step": 0.9040241628307549, "rigid_bias": 1, "soft_bias": 0.05361383580208308, "empty_bias": 0, "max_rigid_width": 8.474154273783245, "max_soft_width": 1.6048297274672203, "max_empty_width": 1.3977389304247085}