{"max_down_step": 2.3283994475803684, "max_up_step": 1.2432348051072546, "rigid_bias": 0.9722301405445833, "soft_bias": 0.8508782229180656, "empty_bias": 0.3407320019588368, "max_rigid_width": 6.3655721448997316, "max_soft_width": 2.0877457188404565, "max_empty_width": 2.854181204966735}