{"max_down_step": 2.022953157919333, "max_up_step": 1.3502487369742682, "rigid_bias": 1, "soft_bias": 0.8828889131826967, "empty_bias": 0.1148404852542001, "max_rigid_width": 10, "max_soft_width": 2.0846839679350375, "max_empty_width": 2.653489855922161}