{"max_down_step": 1.9669734481806502, "max_up_step": 1.3200976115377434, "rigid_bias": 1, "soft_bias": 1, "empty_bias": 0.7127686082169038, "max_rigid_width": 10, "max_soft_width": 1.8953610410571515, "max_empty_width": 6.759679415910063}