{"max_down_step": 0.6886156157082487, "max_up_step": 0.9459332045065587, "rigid_bias": 1, "soft_bias": 0.2651328689092468, "empty_bias": 0.11910011293685349, "max_rigid_width": 7.337501790488285, "max_soft_width": 1.825546198834107, "max_empty_width": 1.727155939826214}