{"max_down_step": 0.1273765137135611, "max_up_step": 0.2817934845593095, "rigid_bias": 0.7084907258754761, "soft_bias": 0.03074295351333102, "empty_bias": 0.03466698388298013, "max_rigid_width": 10, "max_soft_width": 5.240907773118734, "max_empty_width": 4.8200646743498945}