{"max_down_step": 1.0501062946976263, "max_up_step": 1.1080368507030736, "rigid_bias": 0.7802277038815305, "soft_bias": 0.3115793985193288, "empty_bias": 0.10156319235867409, "max_rigid_width": 8.179842599734927, "max_soft_width": 4.734615332408514, "max_empty_width": 1}