{"max_down_step": 0.5409358208859569, "max_up_step": 0.7033346793518875, "rigid_bias": 0.8983957792721253, "soft_bias": 0.34258665249790987, "empty_bias": 0.6603625708307802, "max_rigid_width": 10, "max_soft_width": 5.541888578430363, "max_empty_width": 4.964221373764577}