{"max_down_step": 0.2643101403198077, "max_up_step": 0.2409149322312678, "rigid_bias": 1, "soft_bias": 0, "empty_bias": 0.07518846814450528, "max_rigid_width": 9.151662068701832, "max_soft_width": 1.7122664228259712, "max_empty_width": 1}