{"max_down_step": 0.4404735003875717, "max_up_step": 0, "rigid_bias": 0.9521375881979611, "soft_bias": 0.1260857125540692, "empty_bias": 0.08870007791685353, "max_rigid_width": 9.805303160962044, "max_soft_width": 1.3051099889100242, "max_empty_width": 1.882911611785282}