{"max_down_step": 1.0108096578622308, "max_up_step": 1.0174405832422218, "rigid_bias": 1, "soft_bias": 0.10549425786184914, "empty_bias": 0.21881788926080453, "max_rigid_width": 7.342074311298458, "max_soft_width": 1.3546847608526873, "max_empty_width": 2.5007545341504196}