{"max_down_step": 2.5320155399147564, "max_up_step": 1.6852257193655276, "rigid_bias": 0.7911156121176617, "soft_bias": 0.726956733962458, "empty_bias": 0.18518643920289263, "max_rigid_width": 7.420198430102255, "max_soft_width": 4.0896696385305225, "max_empty_width": 2.225792895975631}