{"max_down_step": 1.6597386529693112, "max_up_step": 1.1708399124406006, "rigid_bias": 0.9363060830846582, "soft_bias": 0.5580224404344459, "empty_bias": 0.5612190452332462, "max_rigid_width": 7.923111306773063, "max_soft_width": 3.380001512630785, "max_empty_width": 2.526502170469303}