{"max_down_step": 2.018045958649674, "max_up_step": 1.8662918155331023, "rigid_bias": 0.9335682087639382, "soft_bias": 0.5468086937310529, "empty_bias": 0.5126547834351791, "max_rigid_width": 6.8260196057909654, "max_soft_width": 3.282449442175234, "max_empty_width": 1.0990830591445502}