{"max_down_step": 1.2610813214807477, "max_up_step": 0.838951071900961, "rigid_bias": 1, "soft_bias": 0.4052803320504388, "empty_bias": 0.9712552539425567, "max_rigid_width": 9.20673196033681, "max_soft_width": 5.458443140250449, "max_empty_width": 4.067156923186333}