{"max_down_step": 0.18460253946227229, "max_up_step": 0, "rigid_bias": 1, "soft_bias": 0.08558635663062185, "empty_bias": 0.22834151917383844, "max_rigid_width": 10, "max_soft_width": 3.285693034748175, "max_empty_width": 1}