{"max_down_step": 0.8951809098253563, "max_up_step": 0.9582494415880954, "rigid_bias": 0.9991396639436337, "soft_bias": 0.08848700838593855, "empty_bias": 0.44328893566875416, "max_rigid_width": 10, "max_soft_width": 1.7535942446648558, "max_empty_width": 1.1606969035727621}