{"max_down_step": 2.0316925317899863, "max_up_step": 2.7466074791136377, "rigid_bias": 0.7943743700317073, "soft_bias": 1, "empty_bias": 0.49130474495748516, "max_rigid_width": 9.405614232713287, "max_soft_width": 1.5176054407109953, "max_empty_width": 1.1880867917058695}