{"max_down_step": 1.2010992132178864, "max_up_step": 0.8569362099946894, "rigid_bias": 0.9725792446734728, "soft_bias": 0.7790096133673287, "empty_bias": 0.21977243010060726, "max_rigid_width": 9.902185997648072, "max_soft_width": 2.2633636543509787, "max_empty_width": 4.094476086470976}