{"max_down_step": 0.09347500743887481, "max_up_step": 0, "rigid_bias": 1, "soft_bias": 0.032278116050352954, "empty_bias": 0.2224866252865852, "max_rigid_width": 9.865318635563826, "max_soft_width": 2.6950174303335306, "max_empty_width": 1.5247680964823491}