{"max_down_step": 1.2351756313687676, "max_up_step": 1.0135971342640904, "rigid_bias": 0.8210036082618637, "soft_bias": 0.40387016384363184, "empty_bias": 0.06688845342269419, "max_rigid_width": 9.026185974292774, "max_soft_width": 3.385674337365737, "max_empty_width": 1}