{"max_down_step": 0.7984792151789268, "max_up_step": 1.066700015862153, "rigid_bias": 1, "soft_bias": 0.03321538891902047, "empty_bias": 0.2913752219776194, "max_rigid_width": 5.654678208500479, "max_soft_width": 1.569609090220095, "max_empty_width": 2.801064101391555}