{"max_down_step": 2.7918972549296477, "max_up_step": 1.961950694481206, "rigid_bias": 0.8626792353937774, "soft_bias": 0.9568192765761296, "empty_bias": 0.16845576255013542, "max_rigid_width": 8.28845169442459, "max_soft_width": 5.730242579668055, "max_empty_width": 2.0677161608999586}