{"max_down_step": 0.33758323368872056, "max_up_step": 0.17077809359316232, "rigid_bias": 1, "soft_bias": 0.34528525310711744, "empty_bias": 0.3682782846438818, "max_rigid_width": 10, "max_soft_width": 2.4858947861711567, "max_empty_width": 1.8663220007564751}