{"max_down_step": 0.5422743707659397, "max_up_step": 0.42922815101662837, "rigid_bias": 1, "soft_bias": 0.057766846048272674, "empty_bias": 0.25495660575372453, "max_rigid_width": 9.604767431571405, "max_soft_width": 1.660078063796294, "max_empty_width": 1}