{"max_down_step": 0, "max_up_step": 0.11500971969869261, "rigid_bias": 1, "soft_bias": 0.29452822323713757, "empty_bias": 0.16093522186085552, "max_rigid_width": 9.81102037644948, "max_soft_width": 3.2455911425667576, "max_empty_width": 3.0282012590576386}