{"max_down_step": 0.22180406405333217, "max_up_step": 0.8216264269337221, "rigid_bias": 1, "soft_bias": 0.009366297656464684, "empty_bias": 0.4645497542430177, "max_rigid_width": 9.331941699592049, "max_soft_width": 3.127257738257257, "max_empty_width": 1.2834934885418088}