{"max_down_step": 1.5141691403653694, "max_up_step": 1.3869950373885926, "rigid_bias": 1, "soft_bias": 0.9439925884209582, "empty_bias": 0.32564060359118846, "max_rigid_width": 8.688519550308232, "max_soft_width": 3.2264509442055767, "max_empty_width": 6.139737813471953}