{"max_down_step": 0.5733803612465477, "max_up_step": 0.33551807377831744, "rigid_bias": 1, "soft_bias": 0, "empty_bias": 0.1479379040055316, "max_rigid_width": 8.517146345799176, "max_soft_width": 3.1411909323902245, "max_empty_width": 1}