{"max_down_step": 1.537825101863916, "max_up_step": 1.270426354887754, "rigid_bias": 1, "soft_bias": 0.8388695440256304, "empty_bias": 0.7414864891550739, "max_rigid_width": 7.8240802333754775, "max_soft_width": 4.033162683114062, "max_empty_width": 2.3975658485563356}