{"max_down_step": 0.7681863036949628, "max_up_step": 0.8770247807373546, "rigid_bias": 0.9424100346687355, "soft_bias": 0.49753798004898303, "empty_bias": 0.6848431991056023, "max_rigid_width": 8.973021598249636, "max_soft_width": 5.926034027885375, "max_empty_width": 5.209461835761071}