{"max_down_step": 0.9214628729397161, "max_up_step": 0, "rigid_bias": 1, "soft_bias": 0.3519045074482286, "empty_bias": 0.7715175205850143, "max_rigid_width": 8.169196012937379, "max_soft_width": 3.950796803609027, "max_empty_width": 2.0580136995800973}