{"max_down_step": 2.4334812187305266, "max_up_step": 1.242268820028584, "rigid_bias": 0.945633226827763, "soft_bias": 1, "empty_bias": 0.8103003115786648, "max_rigid_width": 10, "max_soft_width": 1, "max_empty_width": 7}