{"max_down_step": 2.2762690529814518, "max_up_step": 2.3018513040157207, "rigid_bias": 1, "soft_bias": 0.6855218781673014, "empty_bias": 0.0210088682985672, "max_rigid_width": 9.382191266369341, "max_soft_width": 2.2827982489631045, "max_empty_width": 2.2365458299849856}