{"max_down_step": 0.407865892303902, "max_up_step": 0, "rigid_bias": 1, "soft_bias": 0.06650095318160669, "empty_bias": 0.2245102369792938, "max_rigid_width": 10, "max_soft_width": 1.9796032476878909, "max_empty_width": 1.3111820473305666}