{"max_down_step": 0.7360170134081576, "max_up_step": 0.36953417155502805, "rigid_bias": 0.8212522381282708, "soft_bias": 0.3926315542134133, "empty_bias": 0.9273073352421752, "max_rigid_width": 9.329265348062968, "max_soft_width": 5.598365206505984, "max_empty_width": 4.5131415459695345}