{"max_down_step": 1.5444319789137442, "max_up_step": 1.431011772812781, "rigid_bias": 0.9443872688443308, "soft_bias": 0.784468545942187, "empty_bias": 0.3049483805790242, "max_rigid_width": 6.964860550809908, "max_soft_width": 1, "max_empty_width": 3.950978642177086}