{"max_down_step": 0.5534412733074535, "max_up_step": 0.8534130778843636, "rigid_bias": 1, "soft_bias": 0.14425521301110542, "empty_bias": 0.13578603527426883, "max_rigid_width": 7.137126210891758, "max_soft_width": 2.300305816648593, "max_empty_width": 2.247600473262448}