{"max_down_step": 1.4555633853873213, "max_up_step": 0.6439320733645607, "rigid_bias": 0.9576829900589447, "soft_bias": 0.5157426172284122, "empty_bias": 1, "max_rigid_width": 10, "max_soft_width": 5.0242849971095485, "max_empty_width": 3.2698773962048717}