{"max_down_step": 0.8852058352622517, "max_up_step": 0.4467309263665431, "rigid_bias": 0.9813301222808261, "soft_bias": 0.6240273418679099, "empty_bias": 0.9309629773836565, "max_rigid_width": 8.355570744704885, "max_soft_width": 4.989098854760477, "max_empty_width": 5.0681600968472065}