{"max_down_step": 0.8573552359889896, "max_up_step": 0.6986662103961312, "rigid_bias": 1, "soft_bias": 0.3729896289384099, "empty_bias": 0.8874010735894976, "max_rigid_width": 9.812444244077264, "max_soft_width": 4.587689168112798, "max_empty_width": 4.368563127520587}