{"max_down_step": 1.6838801991534575, "max_up_step": 1.0585443129022523, "rigid_bias": 0.9853205161308474, "soft_bias": 1, "empty_bias": 0.1862098365728812, "max_rigid_width": 10, "max_soft_width": 2.717327667691982, "max_empty_width": 5.321668681245965}