{"max_down_step": 1.6902245858940903, "max_up_step": 1.105346724372962, "rigid_bias": 1, "soft_bias": 0.3552645847622141, "empty_bias": 0.5385468457083507, "max_rigid_width": 8.212197361512976, "max_soft_width": 1.6630962952743436, "max_empty_width": 2.308820846823533}