{"max_down_step": 1.1998347728679262, "max_up_step": 1.336181297917031, "rigid_bias": 1, "soft_bias": 0.18435825239274883, "empty_bias": 0.44183678075139604, "max_rigid_width": 10, "max_soft_width": 1, "max_empty_width": 2.875228136044948}