{"max_down_step": 0.8309160641216407, "max_up_step": 0.9596370067235366, "rigid_bias": 1, "soft_bias": 0.10535338792733628, "empty_bias": 0.11356377351272974, "max_rigid_width": 7.786164036927046, "max_soft_width": 2.045713076190912, "max_empty_width": 2.40876499208491}