{"max_down_step": 2.472917966222334, "max_up_step": 1.8517081171229204, "rigid_bias": 1, "soft_bias": 0.38815021133427613, "empty_bias": 0.34312414612780323, "max_rigid_width": 7.613559273901481, "max_soft_width": 3.788078197397945, "max_empty_width": 2.150137474241114}