{"max_down_step": 1.7986755577466278, "max_up_step": 1.139056216052959, "rigid_bias": 0.8614195885746774, "soft_bias": 0.554499413612007, "empty_bias": 0, "max_rigid_width": 8.568916160184065, "max_soft_width": 2.570964822143017, "max_empty_width": 1.5377469847095202}