{"max_down_step": 0.7460127927233088, "max_up_step": 0.8909767298120447, "rigid_bias": 1, "soft_bias": 0.17759413171562083, "empty_bias": 0.23670691847098208, "max_rigid_width": 9.88766528653535, "max_soft_width": 1, "max_empty_width": 1}