{"max_down_step": 0, "max_up_step": 1.0981508107015538, "rigid_bias": 0.9429280088789747, "soft_bias": 0.2720643585295558, "empty_bias": 0.6613555220985702, "max_rigid_width": 9.683870586051647, "max_soft_width": 2.0078121017458783, "max_empty_width": 1}