{"max_down_step": 2.368254666470914, "max_up_step": 1.7166895483496423, "rigid_bias": 0.8762122671181081, "soft_bias": 0.7357785189533177, "empty_bias": 0.12976696106842675, "max_rigid_width": 9.439428341867238, "max_soft_width": 2.2420808612626937, "max_empty_width": 1.4279442941424105}