{"max_down_step": 1.982654115768045, "max_up_step": 1.9149637785638138, "rigid_bias": 1, "soft_bias": 0.30407309841559016, "empty_bias": 0.25066957841493703, "max_rigid_width": 8.554037390967373, "max_soft_width": 3.148297484030083, "max_empty_width": 1}