{"max_down_step": 1.2566040041539503, "max_up_step": 1.6397687569447275, "rigid_bias": 1, "soft_bias": 0.2553509982309943, "empty_bias": 0.5362142120909977, "max_rigid_width": 10, "max_soft_width": 1, "max_empty_width": 2.3902555212550993}