{"max_down_step": 2.197451684148342, "max_up_step": 1.130884166740479, "rigid_bias": 1, "soft_bias": 0.7108607595206018, "empty_bias": 0.19826420831668523, "max_rigid_width": 7.019664655974636, "max_soft_width": 3.5209648690044086, "max_empty_width": 3.4788120396919435}