{"max_down_step": 1.9221702307311423, "max_up_step": 1.1907215557876014, "rigid_bias": 0.8819880874551043, "soft_bias": 1, "empty_bias": 0.46180619891164343, "max_rigid_width": 8.697901043398588, "max_soft_width": 3.260247328820905, "max_empty_width": 7}