{"max_down_step": 1.6854079620848772, "max_up_step": 0.3975477161539641, "rigid_bias": 1, "soft_bias": 0.32335042949990717, "empty_bias": 1, "max_rigid_width": 8.249163007707734, "max_soft_width": 2.915383024567674, "max_empty_width": 5.390750823235041}