{"max_down_step": 1.884323562713755, "max_up_step": 0.8954281778467049, "rigid_bias": 1, "soft_bias": 0.2687947184048887, "empty_bias": 1, "max_rigid_width": 8.98185816970221, "max_soft_width": 3.1145858349451805, "max_empty_width": 5.337299223552497}