{"max_down_step": 2.004719834861667, "max_up_step": 1.2885216458183288, "rigid_bias": 0.9950942829047725, "soft_bias": 0.6664584684884105, "empty_bias": 0.17231644552839853, "max_rigid_width": 10, "max_soft_width": 2.4766750335560266, "max_empty_width": 5.095211324014413}