{"max_down_step": 0.9699910897727344, "max_up_step": 0.9358640132666748, "rigid_bias": 1, "soft_bias": 0.355736339320218, "empty_bias": 0.8670901458091016, "max_rigid_width": 8.772821642652401, "max_soft_width": 5.913592604112062, "max_empty_width": 5.640581076096261}