{"max_down_step": 1.990328253644855, "max_up_step": 1.8337177184755644, "rigid_bias": 1, "soft_bias": 0.39802617474294233, "empty_bias": 0.31612946524281177, "max_rigid_width": 8.45829688028382, "max_soft_width": 3.8605157126510803, "max_empty_width": 1.292795471123127}