{"max_down_step": 0.49653340920627664, "max_up_step": 0.21691888460369713, "rigid_bias": 0.9960326805078314, "soft_bias": 0, "empty_bias": 0.36966174141913843, "max_rigid_width": 8.628911738840317, "max_soft_width": 2.1054200038605337, "max_empty_width": 1}