{"max_down_step": 0.6451613119563523, "max_up_step": 0.6052794117117355, "rigid_bias": 0.7982134554095575, "soft_bias": 0.27334593487348924, "empty_bias": 0.10136560002028944, "max_rigid_width": 9.88981840940091, "max_soft_width": 5.6936866771046954, "max_empty_width": 4.464834955940774}