{"max_down_step": 1.3804995057226148, "max_up_step": 1.4991200493100951, "rigid_bias": 1, "soft_bias": 0.5362292248756668, "empty_bias": 0.3274087149590652, "max_rigid_width": 9.156827815254468, "max_soft_width": 1.368019838495802, "max_empty_width": 3.187066421602581}