{"max_down_step": 2.008169472789609, "max_up_step": 2.241945896291798, "rigid_bias": 0.8807766847021428, "soft_bias": 0.6910856650636523, "empty_bias": 0.20654597114100803, "max_rigid_width": 10, "max_soft_width": 2.2395729743408497, "max_empty_width": 1}