{"max_down_step": 0.653977764773108, "max_up_step": 0.8882060737837905, "rigid_bias": 0.9802132982345201, "soft_bias": 0.4656866459627405, "empty_bias": 0.05278993326660389, "max_rigid_width": 8.003805263647042, "max_soft_width": 6.334041134472554, "max_empty_width": 6.665519698779352}