{"max_down_step": 2.0399087970365817, "max_up_step": 1.1567687729182163, "rigid_bias": 1, "soft_bias": 0.9427383906414019, "empty_bias": 0.27166106041186966, "max_rigid_width": 9.560530628933808, "max_soft_width": 1.3640051149754586, "max_empty_width": 5.686765718657428}