{"max_down_step": 1.0676377070554381, "max_up_step": 1.6537050638246038, "rigid_bias": 1, "soft_bias": 0.8961814340682068, "empty_bias": 0, "max_rigid_width": 8.35035379244786, "max_soft_width": 2.886061278921347, "max_empty_width": 3.764995521015284}