{"max_down_step": 1.0156953892432874, "max_up_step": 2.0423968667620533, "rigid_bias": 1, "soft_bias": 0.2684300448337381, "empty_bias": 0.4268036882092343, "max_rigid_width": 9.007529553240545, "max_soft_width": 1.2048695215058622, "max_empty_width": 4.240886384655668}