{"max_down_step": 1.0170220785219306, "max_up_step": 0.8965176338563063, "rigid_bias": 1, "soft_bias": 0.3910221465302665, "empty_bias": 0, "max_rigid_width": 7.689455714399631, "max_soft_width": 4.6515906811901635, "max_empty_width": 7}