{"max_down_step": 1.6901133178011105, "max_up_step": 0.8757772574704887, "rigid_bias": 0.8736988748562778, "soft_bias": 0.5060973258154982, "empty_bias": 0.0351352051939747, "max_rigid_width": 8.250080538503072, "max_soft_width": 3.4125295785489946, "max_empty_width": 1}