{"max_down_step": 1.5074342108960246, "max_up_step": 0.8374361940639735, "rigid_bias": 0.9972130055565657, "soft_bias": 0.6719042833213196, "empty_bias": 1, "max_rigid_width": 10, "max_soft_width": 5.860150947502996, "max_empty_width": 4.113153504757334}