{"max_down_step": 1.4159099146850531, "max_up_step": 1.0504591904212868, "rigid_bias": 0.9768464132467878, "soft_bias": 0.3842864927944136, "empty_bias": 0.5680030443205961, "max_rigid_width": 8.97381964468518, "max_soft_width": 1.5878280803973246, "max_empty_width": 2.7722580401308976}