{"max_down_step": 1.218088623073313, "max_up_step": 0.8456794828243568, "rigid_bias": 0.8648679457365094, "soft_bias": 0.2431772520503877, "empty_bias": 0.5136406528956199, "max_rigid_width": 10, "max_soft_width": 1, "max_empty_width": 1.1251044380442754}