{"max_down_step": 1.901408894285235, "max_up_step": 0.8918979549948111, "rigid_bias": 1, "soft_bias": 0.9977253553815189, "empty_bias": 0.3717312423311172, "max_rigid_width": 10, "max_soft_width": 2.5470507905932593, "max_empty_width": 4.305193181603666}