{"max_down_step": 2.044678841849629, "max_up_step": 1.0802410113894583, "rigid_bias": 1, "soft_bias": 1, "empty_bias": 0.28546659564796495, "max_rigid_width": 10, "max_soft_width": 2.471758761806378, "max_empty_width": 5.9672919960800295}