{"max_down_step": 1.1202228414774493, "max_up_step": 0.9870487306924748, "rigid_bias": 0.9855882826122544, "soft_bias": 0.3640187075623242, "empty_bias": 0.12325621239141189, "max_rigid_width": 7.194538237914701, "max_soft_width": 3.3326857323439256, "max_empty_width": 1}