{"max_down_step": 2.1852552342099383, "max_up_step": 1.7608500604292543, "rigid_bias": 1, "soft_bias": 0.9496527227643335, "empty_bias": 0.49464746369471363, "max_rigid_width": 9.759389365991161, "max_soft_width": 1.5065991331334039, "max_empty_width": 4.144530065940631}