{"max_down_step": 1.3024518500580682, "max_up_step": 1.3682475336105928, "rigid_bias": 1, "soft_bias": 0.7779155995258578, "empty_bias": 0.09315249611559395, "max_rigid_width": 8.479868684702229, "max_soft_width": 2.3833579986483224, "max_empty_width": 4.94561676319259}