{"max_down_step": 2.1475739480298945, "max_up_step": 1.4395140550488108, "rigid_bias": 0.8406131913425922, "soft_bias": 0.6723415815436062, "empty_bias": 0.12230098390007732, "max_rigid_width": 9.264258453820863, "max_soft_width": 1, "max_empty_width": 1.0210767681667194}