{"max_down_step": 1.9260473198055823, "max_up_step": 2.099653927086059, "rigid_bias": 0.7165971508738611, "soft_bias": 0.6519007109242528, "empty_bias": 0.245615590860243, "max_rigid_width": 10, "max_soft_width": 2.357521680204538, "max_empty_width": 1}