{"max_down_step": 0.19698977450286478, "max_up_step": 0.2217135222365868, "rigid_bias": 1, "soft_bias": 0, "empty_bias": 0.3202240640791633, "max_rigid_width": 10, "max_soft_width": 2.0201034613612157, "max_empty_width": 2.397619096598535}