{"max_down_step": 1.9050122691151046, "max_up_step": 1.5153943954085611, "rigid_bias": 0.9904419348484521, "soft_bias": 0.9112392904214209, "empty_bias": 0.3776303257324734, "max_rigid_width": 9.631470972352679, "max_soft_width": 1, "max_empty_width": 4.609634239641112}