{"max_down_step": 0.09262371637538411, "max_up_step": 0.034470037810330895, "rigid_bias": 0.9571171198179906, "soft_bias": 0, "empty_bias": 0.07901983858893923, "max_rigid_width": 8.906258998513819, "max_soft_width": 2.7894728753923443, "max_empty_width": 2.0725218262964447}