{"max_down_step": 0.6561758576230896, "max_up_step": 0.6671363644842468, "rigid_bias": 0.9553176058626816, "soft_bias": 0, "empty_bias": 0.7629122827023398, "max_rigid_width": 8.134111363983669, "max_soft_width": 1.56279999715988, "max_empty_width": 2.4204838937460207}