{"max_down_step": 2.3099378585675425, "max_up_step": 1.6355045070892773, "rigid_bias": 1, "soft_bias": 1, "empty_bias": 0.34407442897012935, "max_rigid_width": 8.378339392130096, "max_soft_width": 3.7666925565850806, "max_empty_width": 2.9985245993793197}