{"max_down_step": 1.2449929818535854, "max_up_step": 1.0841054315513639, "rigid_bias": 1, "soft_bias": 0.6833920267661175, "empty_bias": 0.02293853479176979, "max_rigid_width": 6.584433929933652, "max_soft_width": 2.8928425185306352, "max_empty_width": 5.610055486297939}