{"max_down_step": 0.13666065444371722, "max_up_step": 0.6013931665144029, "rigid_bias": 1, "soft_bias": 0.021268226528539477, "empty_bias": 0.38208552182449584, "max_rigid_width": 9.24811572956142, "max_soft_width": 2.4461182936519923, "max_empty_width": 1.6795115638270879}