{"max_down_step": 0.821879299935813, "max_up_step": 1.011758143464896, "rigid_bias": 0.9850687319076099, "soft_bias": 0.3249748158338708, "empty_bias": 0.11091188814514158, "max_rigid_width": 10, "max_soft_width": 2.4818706888963025, "max_empty_width": 1}