{"max_down_step": 1.226490882286047, "max_up_step": 1.2951260223462429, "rigid_bias": 0.9742215474320842, "soft_bias": 0.5947099453478348, "empty_bias": 0.260335875135758, "max_rigid_width": 9.062731790023346, "max_soft_width": 4.531485628823811, "max_empty_width": 1}