{"max_down_step": 0.4720934783289362, "max_up_step": 1.1738955239365279, "rigid_bias": 1, "soft_bias": 0, "empty_bias": 0.6214530953950217, "max_rigid_width": 8.314871247321953, "max_soft_width": 3.241909236839232, "max_empty_width": 1}