{"max_down_step": 1.9153982368850486, "max_up_step": 1.1451418494488799, "rigid_bias": 1, "soft_bias": 0.5754228879173732, "empty_bias": 0, "max_rigid_width": 7.604959292899217, "max_soft_width": 3.867793490206969, "max_empty_width": 3.0004094988646455}