{"max_down_step": 3.1117572646277822, "max_up_step": 2.070755485482678, "rigid_bias": 0.9685644204137549, "soft_bias": 0.7886976433813822, "empty_bias": 0.3582911004354026, "max_rigid_width": 8.443511454688862, "max_soft_width": 4.329681635309761, "max_empty_width": 1.248817089827932}