{"max_down_step": 1.5582033099592394, "max_up_step": 1.0435072556609026, "rigid_bias": 1, "soft_bias": 0.9746438605351606, "empty_bias": 0.8788698352872925, "max_rigid_width": 8.173239098598616, "max_soft_width": 5.076279156685813, "max_empty_width": 3.65123147206925}