{"max_down_step": 1.31109270840741, "max_up_step": 0.659576335318735, "rigid_bias": 0.887392195173287, "soft_bias": 0.33460257369903207, "empty_bias": 0.5559764335641261, "max_rigid_width": 9.73595813387413, "max_soft_width": 1.6520821758690147, "max_empty_width": 1.1193285676304685}