{"max_down_step": 0.16950366952465312, "max_up_step": 1.098494342026058, "rigid_bias": 0.8754956099097779, "soft_bias": 0.25946022786997924, "empty_bias": 0.40432593306379633, "max_rigid_width": 8.67491939472009, "max_soft_width": 2.4723265484174686, "max_empty_width": 3.0168359031777756}