{"max_down_step": 1.7068495444366967, "max_up_step": 1.495761856973832, "rigid_bias": 0.9963980454669312, "soft_bias": 0.3746837899754095, "empty_bias": 0.4430943800233652, "max_rigid_width": 6.65052132371787, "max_soft_width": 2.0927053290820608, "max_empty_width": 1.6024061056546326}