{"max_down_step": 0.7908490999556803, "max_up_step": 1.014205190528041, "rigid_bias": 1, "soft_bias": 0, "empty_bias": 0.8989314127846402, "max_rigid_width": 7.991127865970577, "max_soft_width": 1.9648997810884699, "max_empty_width": 2.4295226713845732}