{"max_down_step": 0.044961243021536396, "max_up_step": 0.1605889267004682, "rigid_bias": 1, "soft_bias": 0.03342694682833995, "empty_bias": 0.12891546482124083, "max_rigid_width": 8.044033196619338, "max_soft_width": 2.2310006251056773, "max_empty_width": 2.098699077980321}