{"max_down_step": 0, "max_up_step": 0.13609440264505182, "rigid_bias": 0.9463690438769249, "soft_bias": 0.037451585892863945, "empty_bias": 0, "max_rigid_width": 10, "max_soft_width": 3.353127807395203, "max_empty_width": 1.275246657492905}