{"max_down_step": 0.5205014603135318, "max_up_step": 0.7654488341950065, "rigid_bias": 1, "soft_bias": 0.351647468540523, "empty_bias": 0.32836860823010566, "max_rigid_width": 8.632446707855038, "max_soft_width": 1.8696145280871999, "max_empty_width": 1.9936950555207202}