{"max_down_step": 0, "max_up_step": 0.11417222747330026, "rigid_bias": 1, "soft_bias": 0.16281531892646553, "empty_bias": 0.34694960795185925, "max_rigid_width": 8.70772425579313, "max_soft_width": 2.354954608113544, "max_empty_width": 2.165605795801511}