{"max_down_step": 0, "max_up_step": 0.6632052240543154, "rigid_bias": 1, "soft_bias": 0.10347331488891544, "empty_bias": 0.13146910021363428, "max_rigid_width": 10, "max_soft_width": 1.089156578603716, "max_empty_width": 1}