{"max_down_step": 0.6289491628584152, "max_up_step": 0.21259253419209836, "rigid_bias": 1, "soft_bias": 0.11841481409404916, "empty_bias": 0.220034957720472, "max_rigid_width": 10, "max_soft_width": 2.692038254494105, "max_empty_width": 1}