{"max_down_step": 2.793515495516568, "max_up_step": 2.0755282217114246, "rigid_bias": 1, "soft_bias": 0.8017807061775174, "empty_bias": 0.11340919536585217, "max_rigid_width": 8.374718514114921, "max_soft_width": 4.7323261875367075, "max_empty_width": 2.2317498443948973}