{"max_down_step": 0.19155914643419517, "max_up_step": 0, "rigid_bias": 1, "soft_bias": 0, "empty_bias": 0.11299921652147257, "max_rigid_width": 10, "max_soft_width": 3.2548368969083876, "max_empty_width": 1}