{"max_down_step": 0.15566560011283465, "max_up_step": 0.0029591746334533264, "rigid_bias": 1, "soft_bias": 0.1413376344836182, "empty_bias": 0.07677862916834784, "max_rigid_width": 9.617740206543552, "max_soft_width": 1.7640609428305036, "max_empty_width": 1.0054963598363524}