{"max_down_step": 2.743156792482751, "max_up_step": 2.20073646549693, "rigid_bias": 1, "soft_bias": 0.7874387559300178, "empty_bias": 0.22848425372466336, "max_rigid_width": 7.836922571848035, "max_soft_width": 4.197142143860619, "max_empty_width": 2.2622546833675345}