{"max_down_step": 2.3072475954179548, "max_up_step": 1.645150530420565, "rigid_bias": 1, "soft_bias": 1, "empty_bias": 0.5985413055642592, "max_rigid_width": 3.978513138344473, "max_soft_width": 1, "max_empty_width": 2.7934327511876718}