{"max_down_step": 0.5802856896418349, "max_up_step": 0.4269412354095927, "rigid_bias": 0.9058785632749582, "soft_bias": 0.3276061957976468, "empty_bias": 0.05986550535530612, "max_rigid_width": 8.787393997581312, "max_soft_width": 7.10249316054114, "max_empty_width": 4.671340308358985}