{"max_down_step": 1.8808042981667374, "max_up_step": 1.2167423921272909, "rigid_bias": 1, "soft_bias": 0.7798620417325113, "empty_bias": 0.5169901881196344, "max_rigid_width": 6.371864001390148, "max_soft_width": 1, "max_empty_width": 3.857893629097854}