{"max_down_step": 0.28981229282775517, "max_up_step": 0, "rigid_bias": 1, "soft_bias": 0.07510537134037502, "empty_bias": 0.2397392793725814, "max_rigid_width": 10, "max_soft_width": 3.935915371371563, "max_empty_width": 2.3049648659643442}