{"max_down_step": 2.489274910978168, "max_up_step": 1.54724386315622, "rigid_bias": 1, "soft_bias": 0.8839450754004714, "empty_bias": 0.28767489471484775, "max_rigid_width": 7.042041923203686, "max_soft_width": 2.5395158190898224, "max_empty_width": 2.0507826069620596}