{"max_down_step": 0.25721864075475226, "max_up_step": 1.1410394289131063, "rigid_bias": 0.9363644087509077, "soft_bias": 0.31393160429358613, "empty_bias": 0.5368752261642584, "max_rigid_width": 7.5496099687082445, "max_soft_width": 2.085204233114678, "max_empty_width": 2.711365132245192}