{"max_down_step": 0.3762718558263901, "max_up_step": 0, "rigid_bias": 1, "soft_bias": 0.12054069620715026, "empty_bias": 0.16305768909017704, "max_rigid_width": 9.199567482486161, "max_soft_width": 3.979678485751913, "max_empty_width": 2.6746554771187454}