{"max_down_step": 0.4825121901478856, "max_up_step": 0.6359422307093267, "rigid_bias": 1, "soft_bias": 0.22825115435254556, "empty_bias": 0.9940155109595902, "max_rigid_width": 7.915359222014658, "max_soft_width": 1, "max_empty_width": 3.4762892025186027}