{"max_down_step": 3.103856311565156, "max_up_step": 1.611638928147015, "rigid_bias": 1, "soft_bias": 0.909144146331388, "empty_bias": 0.3991388268293155, "max_rigid_width": 7.9218785677262895, "max_soft_width": 4.613397033462389, "max_empty_width": 2.4349090744917268}