{"max_down_step": 2.6884533719560086, "max_up_step": 2.0106234102886438, "rigid_bias": 0.8746442791129321, "soft_bias": 0.6839541070722227, "empty_bias": 0.07759233810094096, "max_rigid_width": 7.986430152775308, "max_soft_width": 4.401850496944485, "max_empty_width": 2.164328006925474}