{"max_down_step": 0.7516590264876715, "max_up_step": 1.1507355542300488, "rigid_bias": 1, "soft_bias": 0.19745142979512237, "empty_bias": 0.22324762156239647, "max_rigid_width": 10, "max_soft_width": 1.1197075477428429, "max_empty_width": 2.064807247032576}