{"max_down_step": 1.5319532087406333, "max_up_step": 1.2283274594151299, "rigid_bias": 1, "soft_bias": 0.408160306967023, "empty_bias": 0.0625429266523555, "max_rigid_width": 5.799153111733361, "max_soft_width": 3.3741096186816257, "max_empty_width": 1}