{"max_down_step": 0.7071889168341539, "max_up_step": 0.5922954192359291, "rigid_bias": 1, "soft_bias": 0.1860274174723605, "empty_bias": 0.8230616473139936, "max_rigid_width": 8.108062558689683, "max_soft_width": 1, "max_empty_width": 3.2018852564635996}