{"max_down_step": 0.2966599502017103, "max_up_step": 0.6943484543563175, "rigid_bias": 1, "soft_bias": 0.14267409785344393, "empty_bias": 0.0645895334578959, "max_rigid_width": 8.805730635664942, "max_soft_width": 1, "max_empty_width": 2.330106136100387}