{"max_down_step": 0.11959321220025929, "max_up_step": 0.0932439525959637, "rigid_bias": 1, "soft_bias": 0.015435085150349415, "empty_bias": 0.21299369661391032, "max_rigid_width": 8.858354084719004, "max_soft_width": 1, "max_empty_width": 2.0790390744724205}