{"max_down_step": 1.877763759836806, "max_up_step": 0.8699402987469267, "rigid_bias": 1, "soft_bias": 0.8991970070105153, "empty_bias": 0.07373143159255757, "max_rigid_width": 10, "max_soft_width": 2.161716569376372, "max_empty_width": 5.06284703259996}