{"max_down_step": 0.7278518461349828, "max_up_step": 0.40085801603899057, "rigid_bias": 1, "soft_bias": 0.06632699182024862, "empty_bias": 0.28689666292911, "max_rigid_width": 9.507270667022128, "max_soft_width": 1.2351311172617279, "max_empty_width": 1}