{"max_down_step": 0.9217958234224917, "max_up_step": 1.4601668039752238, "rigid_bias": 1, "soft_bias": 0.8111408611826726, "empty_bias": 0, "max_rigid_width": 8.352463232834557, "max_soft_width": 2.8819875693517285, "max_empty_width": 4.985590445697725}