{"max_down_step": 0, "max_up_step": 1.2667958902370575, "rigid_bias": 1, "soft_bias": 0.10008348657416098, "empty_bias": 0.49259699792246203, "max_rigid_width": 9.21917080168355, "max_soft_width": 2.912727788655775, "max_empty_width": 1.2805938934066459}