{"max_down_step": 0.7395726947991021, "max_up_step": 1.035217284601566, "rigid_bias": 1, "soft_bias": 0.10355603628317174, "empty_bias": 0.1148235054441706, "max_rigid_width": 9.314276851491476, "max_soft_width": 1, "max_empty_width": 1.0059207482108266}