{"max_down_step": 0.8860785145258789, "max_up_step": 0, "rigid_bias": 1, "soft_bias": 0.21422304668778105, "empty_bias": 0.822505716768673, "max_rigid_width": 7.983932936617677, "max_soft_width": 4.32311702478773, "max_empty_width": 2.991667733152411}