{"max_down_step": 1.9829258900292166, "max_up_step": 1.5553827079224534, "rigid_bias": 0.8624606352035732, "soft_bias": 0.833634998470953, "empty_bias": 0.04595430058596979, "max_rigid_width": 9.497836645809842, "max_soft_width": 2.229789535084465, "max_empty_width": 1.695726790429239}