{"max_down_step": 0.8711530234899867, "max_up_step": 1.1171886298652312, "rigid_bias": 1, "soft_bias": 0.2473181972609645, "empty_bias": 0.2790750891545107, "max_rigid_width": 8.22542781875802, "max_soft_width": 1, "max_empty_width": 1.7115145020650855}