{"max_down_step": 2.9434626392700594, "max_up_step": 1.9207031295642434, "rigid_bias": 1, "soft_bias": 0.7858328706524443, "empty_bias": 0.31377961422974, "max_rigid_width": 8.028963401122558, "max_soft_width": 4.600649785608756, "max_empty_width": 2.195087577934995}