{"max_down_step": 2.206756847722748, "max_up_step": 2.1533957256885663, "rigid_bias": 0.9538737964564712, "soft_bias": 0.6286107019584504, "empty_bias": 0.012675324180452113, "max_rigid_width": 10, "max_soft_width": 1.4431490643260965, "max_empty_width": 1.015486983872229}