{"max_down_step": 0.7270386359106902, "max_up_step": 0.8125135062780409, "rigid_bias": 1, "soft_bias": 0.43100550212202726, "empty_bias": 0.04119527531720829, "max_rigid_width": 8.64341061535514, "max_soft_width": 7.323914000876633, "max_empty_width": 5.140521949319392}