{"max_down_step": 1.4300410820953646, "max_up_step": 0.7654717196823155, "rigid_bias": 1, "soft_bias": 0.22751719575852933, "empty_bias": 0.5081190490120385, "max_rigid_width": 9.788044466257336, "max_soft_width": 1, "max_empty_width": 2.043687944554422}