{"max_down_step": 1.3704297275510156, "max_up_step": 1.8349312933618345, "rigid_bias": 0.8765501502778386, "soft_bias": 0.4702787206934885, "empty_bias": 0.46685675929156767, "max_rigid_width": 7.137249507833839, "max_soft_width": 4.6247489104184965, "max_empty_width": 1.0988793155281458}