{"max_down_step": 0.7361583936772711, "max_up_step": 0.797341360985306, "rigid_bias": 0.9973238788701665, "soft_bias": 0.2330687793627591, "empty_bias": 0.7118349299002347, "max_rigid_width": 9.223331418057864, "max_soft_width": 5.679031156679998, "max_empty_width": 6.179536811545266}