{"max_down_step": 3.3281204004895804, "max_up_step": 2.014152634857609, "rigid_bias": 0.8908164858746601, "soft_bias": 0.6792544592911719, "empty_bias": 0.4934778755830397, "max_rigid_width": 9.602437067463882, "max_soft_width": 3.7959167599397508, "max_empty_width": 2.3415680005801525}