{"max_down_step": 0.7021303987237586, "max_up_step": 0.8766447887493829, "rigid_bias": 0.8343027375152826, "soft_bias": 0.22211228339116562, "empty_bias": 0.26883758525094303, "max_rigid_width": 7.887897113957641, "max_soft_width": 3.509595801138331, "max_empty_width": 1}