{"max_down_step": 3.062717884133701, "max_up_step": 2.212715055809623, "rigid_bias": 1, "soft_bias": 0.8626831882691911, "empty_bias": 0.31822324299323546, "max_rigid_width": 7.678493210651245, "max_soft_width": 4.1644426522423235, "max_empty_width": 3.1340885880107168}