{"max_down_step": 1.0519592120921408, "max_up_step": 1.2546723445753218, "rigid_bias": 1, "soft_bias": 0.5977606137485145, "empty_bias": 0.4179673280307027, "max_rigid_width": 7.144432905799166, "max_soft_width": 3.709161158299772, "max_empty_width": 1}