{"max_down_step": 1.1276945629885682, "max_up_step": 1.0858237866406955, "rigid_bias": 0.98659892795358, "soft_bias": 0.8616218898558093, "empty_bias": 0.27009687133708565, "max_rigid_width": 9.958583779221431, "max_soft_width": 2.6462482320689173, "max_empty_width": 4.639344865251303}