{"max_down_step": 0.848224386269498, "max_up_step": 0.031583459490857724, "rigid_bias": 0.8574626967564168, "soft_bias": 0.2196960548911432, "empty_bias": 0.8295554569343222, "max_rigid_width": 8.944144817318461, "max_soft_width": 4.849174004832657, "max_empty_width": 3.8690946652017546}