{"max_down_step": 1.657196802330745, "max_up_step": 1.1453040173635003, "rigid_bias": 1, "soft_bias": 0.5414009131033253, "empty_bias": 0.41608630562768595, "max_rigid_width": 4.997390016468473, "max_soft_width": 2.291128142024892, "max_empty_width": 3.825084600781974}