{"max_down_step": 0.7045792325809214, "max_up_step": 0.1860092332237373, "rigid_bias": 0.9504471862337931, "soft_bias": 0.18032972396772118, "empty_bias": 0.7547935848676111, "max_rigid_width": 9.330114159777994, "max_soft_width": 3.0779919259117157, "max_empty_width": 2.8796518349721727}