{"max_down_step": 1.2177327383344954, "max_up_step": 0.8643239189888974, "rigid_bias": 0.950524309389922, "soft_bias": 0.3225298370297843, "empty_bias": 0.7414750032013233, "max_rigid_width": 9.555787864240907, "max_soft_width": 1, "max_empty_width": 1}