{"max_down_step": 0.42981590233598044, "max_up_step": 0.3106440757777412, "rigid_bias": 0.9295306046120215, "soft_bias": 0.3387218252727935, "empty_bias": 0.21622803700098303, "max_rigid_width": 10, "max_soft_width": 8, "max_empty_width": 5.208222407972503}