{"max_down_step": 0.8995286022207263, "max_up_step": 0.4017549492427436, "rigid_bias": 0.8974676756332789, "soft_bias": 0.24043010458158431, "empty_bias": 0.7036364791512869, "max_rigid_width": 8.819353147328608, "max_soft_width": 4.373045315958167, "max_empty_width": 3.725348886449546}