{"max_down_step": 1.506174259863687, "max_up_step": 0.9127807089349375, "rigid_bias": 0.9765257622098635, "soft_bias": 0.6335862762245503, "empty_bias": 0.9668951702749397, "max_rigid_width": 10, "max_soft_width": 5.936631308199868, "max_empty_width": 3.513545615998098}