{"max_down_step": 1.098229848723612, "max_up_step": 1.0641018404446565, "rigid_bias": 1, "soft_bias": 0.49192216023825186, "empty_bias": 0.04368575612785282, "max_rigid_width": 9.580174292900452, "max_soft_width": 7.743983827372814, "max_empty_width": 4.180653914214601}