{"max_down_step": 1.671092502932511, "max_up_step": 0.4380282802918066, "rigid_bias": 1, "soft_bias": 0.46156935558353474, "empty_bias": 1, "max_rigid_width": 8.920186467034876, "max_soft_width": 2.918333611356558, "max_empty_width": 6.394904763103044}