{"max_down_step": 0.3204457741103137, "max_up_step": 0.5657190261768312, "rigid_bias": 1, "soft_bias": 0.1038431994290608, "empty_bias": 0.9927781007898413, "max_rigid_width": 8.321280999169563, "max_soft_width": 1.0140335977614563, "max_empty_width": 2.193727686827824}