{"max_down_step": 2.0101961352775506, "max_up_step": 2.205561900251654, "rigid_bias": 1, "soft_bias": 1, "empty_bias": 0.35330685396752326, "max_rigid_width": 9.773362981030282, "max_soft_width": 3.4306399524583484, "max_empty_width": 1}