{"max_down_step": 1.8089578824005217, "max_up_step": 1.5665223336469676, "rigid_bias": 1, "soft_bias": 0.7347737115348005, "empty_bias": 0.575082421081401, "max_rigid_width": 7.075653667538811, "max_soft_width": 1.1238783069010032, "max_empty_width": 3.0404486844765413}