{"max_down_step": 0.548005612547093, "max_up_step": 0.5598169601118629, "rigid_bias": 0.9423592706100499, "soft_bias": 0.19804369544695838, "empty_bias": 0.2033865262952256, "max_rigid_width": 8.466791675859932, "max_soft_width": 2.1608875849494487, "max_empty_width": 1}