{"max_down_step": 0, "max_up_step": 1.1990372026437832, "rigid_bias": 0.8212959613570785, "soft_bias": 0.339191919983303, "empty_bias": 0.8129885541308663, "max_rigid_width": 10, "max_soft_width": 3.220593298613168, "max_empty_width": 1.7333205678324088}