{"max_down_step": 1.3911154629232534, "max_up_step": 0.9558395574986728, "rigid_bias": 0.9859850734658657, "soft_bias": 0.6227378807751783, "empty_bias": 0, "max_rigid_width": 7.625894770908004, "max_soft_width": 3.360435161500263, "max_empty_width": 1.9779788950109083}