{"max_down_step": 0.8821317963101132, "max_up_step": 0.9432223985774635, "rigid_bias": 0.8749485082479349, "soft_bias": 0.25723054597202094, "empty_bias": 0.3441849393333639, "max_rigid_width": 7.460182603767193, "max_soft_width": 3.0591227597136523, "max_empty_width": 2.406142616736161}