{"max_down_step": 2.447169781796784, "max_up_step": 1.4656064992561755, "rigid_bias": 0.9583578801280644, "soft_bias": 0.7468889665097133, "empty_bias": 0.20953292450618743, "max_rigid_width": 7.0590127755301815, "max_soft_width": 2.31805159512522, "max_empty_width": 2.205306917612397}