{"max_down_step": 1.2546572511347782, "max_up_step": 0.8968727823624552, "rigid_bias": 1, "soft_bias": 0.3198277336769993, "empty_bias": 0, "max_rigid_width": 7.462541750751317, "max_soft_width": 4.22787937049924, "max_empty_width": 7}