{"max_down_step": 1.4427460722742862, "max_up_step": 1.2004278744141845, "rigid_bias": 1, "soft_bias": 0.3869687990349864, "empty_bias": 0.2826808699912099, "max_rigid_width": 6.732492349499676, "max_soft_width": 2.1118349152517326, "max_empty_width": 1}