{"max_down_step": 1.223851549518826, "max_up_step": 1.4896352411808014, "rigid_bias": 1, "soft_bias": 0.7086886541738315, "empty_bias": 0.23585207008630446, "max_rigid_width": 9.224466322023739, "max_soft_width": 1, "max_empty_width": 4.246109698753835}