{"max_down_step": 2.8592914297047467, "max_up_step": 2.3885107201301268, "rigid_bias": 1, "soft_bias": 0.8608552014963886, "empty_bias": 0.2689246526934357, "max_rigid_width": 8.203764157342828, "max_soft_width": 5.68323031550773, "max_empty_width": 2.760573228828517}