{"max_down_step": 1.9211390246347504, "max_up_step": 0.8205242863430033, "rigid_bias": 1, "soft_bias": 0.6787620074403518, "empty_bias": 1, "max_rigid_width": 10, "max_soft_width": 5.965167067630663, "max_empty_width": 5.019673452949397}