{"max_down_step": 0.5443629381581382, "max_up_step": 0.1713823627384572, "rigid_bias": 0.9622697560221093, "soft_bias": 0, "empty_bias": 0.12363095950719319, "max_rigid_width": 8.572036499261786, "max_soft_width": 1.3792453423621573, "max_empty_width": 1.9866863684821972}