{"max_down_step": 1.6671573851122097, "max_up_step": 1.6725324312915772, "rigid_bias": 0.9343750766120937, "soft_bias": 0.49589231199522515, "empty_bias": 0.21521405519176956, "max_rigid_width": 7.176496856132057, "max_soft_width": 3.8537558379042673, "max_empty_width": 1}