{"max_down_step": 2.189070737999777, "max_up_step": 2.072198322369824, "rigid_bias": 0.8626430546979951, "soft_bias": 0.6355963803077909, "empty_bias": 0, "max_rigid_width": 9.9249768846914, "max_soft_width": 1.07342766700468, "max_empty_width": 1}