{"max_down_step": 0.22740069591950754, "max_up_step": 0.8407479392609165, "rigid_bias": 0.9589979565482311, "soft_bias": 0.25241417577212766, "empty_bias": 0.5448117791777671, "max_rigid_width": 9.271164781278548, "max_soft_width": 1.9759269443309975, "max_empty_width": 1}