{"max_down_step": 1.0251223329807675, "max_up_step": 0.9309789475472844, "rigid_bias": 1, "soft_bias": 0.4460481244871919, "empty_bias": 0.17989312498652407, "max_rigid_width": 7.488882062205165, "max_soft_width": 3.5147831287557327, "max_empty_width": 1}