{"max_down_step": 1.3545767796009205, "max_up_step": 0.9745933763670767, "rigid_bias": 1, "soft_bias": 0.3854804605008147, "empty_bias": 0, "max_rigid_width": 8.48300848285468, "max_soft_width": 4.069482253456377, "max_empty_width": 6.493805514055808}