{"max_down_step": 0.5596553460573153, "max_up_step": 0.4424654249812953, "rigid_bias": 0.7012348004138719, "soft_bias": 0.062019989474217115, "empty_bias": 0.43773641634720023, "max_rigid_width": 9.069693661808666, "max_soft_width": 2.9582462400932714, "max_empty_width": 1}