{"max_down_step": 0.6168204970398716, "max_up_step": 0.8462237258895863, "rigid_bias": 1, "soft_bias": 0.09432059240701961, "empty_bias": 0.28246142218942527, "max_rigid_width": 10, "max_soft_width": 1.1685581126495022, "max_empty_width": 2.314447637418529}