{"max_down_step": 1.2532946087343355, "max_up_step": 1.2047204287079314, "rigid_bias": 1, "soft_bias": 0.2526726520665337, "empty_bias": 0.15407290531105233, "max_rigid_width": 7.720598712869677, "max_soft_width": 4.8426030710411005, "max_empty_width": 5.892764869412037}