{"max_down_step": 1.6798596903083478, "max_up_step": 1.2680156522963437, "rigid_bias": 0.9122912869696059, "soft_bias": 0.5564227377425831, "empty_bias": 0.28034719939689307, "max_rigid_width": 6.053380887120211, "max_soft_width": 3.257825631863896, "max_empty_width": 2.3253349211139627}