{"max_down_step": 1.4284271320007935, "max_up_step": 1.52207519790697, "rigid_bias": 0.9826013944355455, "soft_bias": 0.40104303971103444, "empty_bias": 0.09104556427876208, "max_rigid_width": 6.865741118127048, "max_soft_width": 3.061008750073452, "max_empty_width": 1}