{"max_down_step": 0.31605065319757636, "max_up_step": 0, "rigid_bias": 0.9999791771901955, "soft_bias": 0, "empty_bias": 0.3775471077479905, "max_rigid_width": 10, "max_soft_width": 4.575628066685795, "max_empty_width": 2.5261132846164513}