{"max_down_step": 1.491978916496521, "max_up_step": 1.0624566995019316, "rigid_bias": 0.9686986894603188, "soft_bias": 1, "empty_bias": 1, "max_rigid_width": 7.05672971561413, "max_soft_width": 5.104285941139598, "max_empty_width": 4.259666005823959}