{"max_down_step": 0.8520848024559234, "max_up_step": 2.164657596385275, "rigid_bias": 1, "soft_bias": 0.36980842164768835, "empty_bias": 0.28593661522916386, "max_rigid_width": 8.88625386392482, "max_soft_width": 2.411404768643563, "max_empty_width": 5.098715367293111}