{"max_down_step": 0.5990460486323017, "max_up_step": 0, "rigid_bias": 1, "soft_bias": 0.2656089997910007, "empty_bias": 0.7513877861809688, "max_rigid_width": 9.34778624957177, "max_soft_width": 3.549117316607464, "max_empty_width": 2.5239494811325356}