{"max_down_step": 2.190773095142248, "max_up_step": 1.7067599989013937, "rigid_bias": 1, "soft_bias": 0.4585479262420531, "empty_bias": 0.19986981142715027, "max_rigid_width": 8.233947454068751, "max_soft_width": 4.6762401725954, "max_empty_width": 1}