{"max_down_step": 1.7757020520713898, "max_up_step": 1.2152583083779738, "rigid_bias": 1, "soft_bias": 0.7846929286899792, "empty_bias": 1, "max_rigid_width": 10, "max_soft_width": 6.478494245036642, "max_empty_width": 3.449486083299149}