{"max_down_step": 1.2787945869079578, "max_up_step": 1.412914403069905, "rigid_bias": 1, "soft_bias": 0.44211162856840863, "empty_bias": 0.13177056124789754, "max_rigid_width": 7.543554724808182, "max_soft_width": 3.8507819952949625, "max_empty_width": 1.6168278189111336}