{"max_down_step": 0.46476162944557, "max_up_step": 1.4423914509010587, "rigid_bias": 0.9846704453130104, "soft_bias": 0.03946881458728675, "empty_bias": 0.4870201191337177, "max_rigid_width": 9.907852495532115, "max_soft_width": 2.1596035578658284, "max_empty_width": 3.6838627786069953}