{"max_down_step": 0.23165415544290424, "max_up_step": 0.12367802272360848, "rigid_bias": 0.9770550548984458, "soft_bias": 0.05418609543091517, "empty_bias": 0.1168705396784091, "max_rigid_width": 7.393080394958046, "max_soft_width": 2.7262844494532295, "max_empty_width": 4.635508521196446}