{"max_down_step": 1.3439081892685947, "max_up_step": 1.0917187959127672, "rigid_bias": 1, "soft_bias": 0.39273504776772783, "empty_bias": 0.20035551088233722, "max_rigid_width": 7.711049855914635, "max_soft_width": 4.225627760469344, "max_empty_width": 1.02184894418216}