{"max_down_step": 1.4275427017157085, "max_up_step": 0.9245223224566724, "rigid_bias": 0.9645911655305428, "soft_bias": 0.35224412381552256, "empty_bias": 0.19982239469771218, "max_rigid_width": 9.915812048502655, "max_soft_width": 1, "max_empty_width": 2.6686884865727807}