{"max_down_step": 2.1170505227575234, "max_up_step": 1.482806122270486, "rigid_bias": 1, "soft_bias": 1, "empty_bias": 0.5593929727681523, "max_rigid_width": 5.150703654550739, "max_soft_width": 1, "max_empty_width": 3.1116592343500478}