{"max_down_step": 1.7674077442672367, "max_up_step": 1.5691167535911439, "rigid_bias": 0.9453775849117907, "soft_bias": 0.46184407321768745, "empty_bias": 0.28601686171958296, "max_rigid_width": 7.996297173088778, "max_soft_width": 2.6820023631128684, "max_empty_width": 1}