{"max_down_step": 2.349252940625778, "max_up_step": 1.5865645624529188, "rigid_bias": 1, "soft_bias": 0.44372755430967703, "empty_bias": 0.3291706976035222, "max_rigid_width": 8.986229119461289, "max_soft_width": 4.17659649061085, "max_empty_width": 1}