{"max_down_step": 0.559454223489541, "max_up_step": 0, "rigid_bias": 1, "soft_bias": 0.015514671765325366, "empty_bias": 0.27812503628149204, "max_rigid_width": 8.801518018861398, "max_soft_width": 2.1108811663063434, "max_empty_width": 1}