{"max_down_step": 2.6610745981430033, "max_up_step": 2.439451485143839, "rigid_bias": 1, "soft_bias": 0.7183914213664352, "empty_bias": 0, "max_rigid_width": 10, "max_soft_width": 1.1662493113569667, "max_empty_width": 2.272964367030837}