step,reward,transferred_from
0,5.191769,923
1,2.383094,
2,6.452074,
3,4.130263,
4,5.725528,
5,10.77912,
6,2.281089,
7,5.598775,
8,6.565714,
9,6.484399,
10,11.120555,
11,11.101182,
12,1.902618,
13,6.971943,
14,11.837713,
15,4.480977,
16,3.561848,
17,6.839938,
18,6.881843,
19,8.947011,
20,5.153863,
21,4.181185,
22,1.823782,
23,1.814526,
24,10.893453,
25,4.831013,
26,6.517983,
27,10.559636,
28,5.63401,
29,1.910728,
30,12.16961,
