{"max_down_step": 1.3556964819294166, "max_up_step": 1.3631002224288546, "rigid_bias": 1, "soft_bias": 1, "empty_bias": 0.18390660271057718, "max_rigid_width": 9.28222606114799, "max_soft_width": 4.074402745522325, "max_empty_width": 5.721017353340506}