{"max_down_step": 1.7543916410150475, "max_up_step": 0.8782285939978697, "rigid_bias": 0.9663443006565374, "soft_bias": 0.7497129311540432, "empty_bias": 0.1234418444911217, "max_rigid_width": 10, "max_soft_width": 2.2541539923522036, "max_empty_width": 3.9905878954685434}