{"max_down_step": 2.041225050147653, "max_up_step": 1.2827512420358482, "rigid_bias": 1, "soft_bias": 1, "empty_bias": 0.6289124716324023, "max_rigid_width": 10, "max_soft_width": 1.1947718393204618, "max_empty_width": 6.81135149746126}