{"max_down_step": 1.5678420633165775, "max_up_step": 0.27135992203186887, "rigid_bias": 1, "soft_bias": 0.38823351693457503, "empty_bias": 1, "max_rigid_width": 9.207242475287707, "max_soft_width": 2.987370799236533, "max_empty_width": 5.692916655107381}