{"max_down_step": 0.2247691415085802, "max_up_step": 0.6650848258705209, "rigid_bias": 1, "soft_bias": 0.1322199691910809, "empty_bias": 0.009608655661053164, "max_rigid_width": 8.858384531068854, "max_soft_width": 1.4470246213862312, "max_empty_width": 1}