{"max_down_step": 1.7357203575151359, "max_up_step": 1.6326932382711628, "rigid_bias": 0.9744533496248697, "soft_bias": 0.9270232286477077, "empty_bias": 0.3747943819590245, "max_rigid_width": 9.608646582326347, "max_soft_width": 3.04912945041438, "max_empty_width": 7}