{"max_down_step": 1.170436887817857, "max_up_step": 0, "rigid_bias": 1, "soft_bias": 0.41007846018236405, "empty_bias": 0.8706670955899904, "max_rigid_width": 8.75190073231079, "max_soft_width": 4.290048318079642, "max_empty_width": 3.863941466029581}