{"max_down_step": 1.6603528933700524, "max_up_step": 0.6485278466581578, "rigid_bias": 1, "soft_bias": 0.6526314420437734, "empty_bias": 1, "max_rigid_width": 10, "max_soft_width": 6.258844960452155, "max_empty_width": 4.058941119406496}