{"max_down_step": 0.6464422686748086, "max_up_step": 0.08714445065690184, "rigid_bias": 1, "soft_bias": 0.13746628389945859, "empty_bias": 0.6698065931157746, "max_rigid_width": 8.200380280788812, "max_soft_width": 3.3878797108293393, "max_empty_width": 2.3892070636161815}