{"max_down_step": 0.3457108243217104, "max_up_step": 0.8404938862066615, "rigid_bias": 1, "soft_bias": 0, "empty_bias": 0.24748934267118233, "max_rigid_width": 10, "max_soft_width": 1, "max_empty_width": 1.1330547914658324}