{"max_down_step": 1.30047875908282, "max_up_step": 1.0232671219340217, "rigid_bias": 1, "soft_bias": 0.6227447023359762, "empty_bias": 0, "max_rigid_width": 8.487738493890019, "max_soft_width": 3.2881991392264, "max_empty_width": 5.409499596163962}