{"max_down_step": 0.2851028445557393, "max_up_step": 0.28359569069019264, "rigid_bias": 0.7755277519814519, "soft_bias": 0.06759630182666435, "empty_bias": 0.0710821239285348, "max_rigid_width": 9.53112169381303, "max_soft_width": 3.4550956884183037, "max_empty_width": 2.922337811616684}