{"max_down_step": 1.9817319829872946, "max_up_step": 1.2136106584043984, "rigid_bias": 0.9604657653461015, "soft_bias": 0.9785631682354143, "empty_bias": 0.38738783732236975, "max_rigid_width": 10, "max_soft_width": 1.6205736157407786, "max_empty_width": 3.861908564028154}